country,beta,se
Gambia,-0.30130267229509,0.0570265452087953
BurkinaFaso,-0.207564912138069,0.112562106485496
Ghana,-0.38790368117822,0.153803345316743
Cameroon,-0.416212148340078,0.11320585254865
Malawi,-0.244589093044668,0.0805913326124962
Tanzania,-0.215039851391094,0.141633419566232
Kenya,-0.427366007019671,0.0712106751207883
